ProteinID,Peptide
sp|Q42690|ALFC_CHLRE,MAJMMK
sp|Q42690|ALFC_CHLRE,MAJMMKSSASJK
sp|Q42690|ALFC_CHLRE,MAJMMKSSASJKAVSAGR
sp|Q42690|ALFC_CHLRE,SSASJK
sp|Q42690|ALFC_CHLRE,SSASJKAVSAGR
sp|Q42690|ALFC_CHLRE,SSASJKAVSAGRSR
sp|Q42690|ALFC_CHLRE,AVSAGR
sp|Q42690|ALFC_CHLRE,AVSAGRSR
sp|Q42690|ALFC_CHLRE,AVSAGRSRR
sp|Q42690|ALFC_CHLRE,SRRAVVVR
sp|Q42690|ALFC_CHLRE,RAVVVR
sp|Q42690|ALFC_CHLRE,RAVVVRAGK
sp|Q42690|ALFC_CHLRE,AVVVRAGK
sp|Q42690|ALFC_CHLRE,AVVVRAGKYDEEJJK
sp|Q42690|ALFC_CHLRE,AGKYDEEJJK
sp|Q42690|ALFC_CHLRE,AGKYDEEJJKTAGTVASK
sp|Q42690|ALFC_CHLRE,YDEEJJK
sp|Q42690|ALFC_CHLRE,YDEEJJKTAGTVASK
sp|Q42690|ALFC_CHLRE,YDEEJJKTAGTVASKGR
sp|Q42690|ALFC_CHLRE,TAGTVASK
sp|Q42690|ALFC_CHLRE,TAGTVASKGR
sp|Q42690|ALFC_CHLRE,TAGTVASKGRGJJAMDESNATCGK
sp|Q42690|ALFC_CHLRE,GRGJJAMDESNATCGK
sp|Q42690|ALFC_CHLRE,GRGJJAMDESNATCGKR
sp|Q42690|ALFC_CHLRE,GJJAMDESNATCGK
sp|Q42690|ALFC_CHLRE,GJJAMDESNATCGKR
sp|Q42690|ALFC_CHLRE,GJJAMDESNATCGKRJDSJGVENTEENR
sp|Q42690|ALFC_CHLRE,RJDSJGVENTEENR
sp|Q42690|ALFC_CHLRE,RJDSJGVENTEENRR
sp|Q42690|ALFC_CHLRE,JDSJGVENTEENR
sp|Q42690|ALFC_CHLRE,JDSJGVENTEENRR
sp|Q42690|ALFC_CHLRE,JDSJGVENTEENRRAYR
sp|Q42690|ALFC_CHLRE,RAYREJJVTAPGJGQYJSGAJJFEETJYQSTASGK
sp|Q42690|ALFC_CHLRE,AYREJJVTAPGJGQYJSGAJJFEETJYQSTASGK
sp|Q42690|ALFC_CHLRE,AYREJJVTAPGJGQYJSGAJJFEETJYQSTASGKK
sp|Q42690|ALFC_CHLRE,EJJVTAPGJGQYJSGAJJFEETJYQSTASGK
sp|Q42690|ALFC_CHLRE,EJJVTAPGJGQYJSGAJJFEETJYQSTASGKK
sp|Q42690|ALFC_CHLRE,EJJVTAPGJGQYJSGAJJFEETJYQSTASGKKFVDVMK
sp|Q42690|ALFC_CHLRE,KFVDVMK
sp|Q42690|ALFC_CHLRE,KFVDVMKEQNJVPGJK
sp|Q42690|ALFC_CHLRE,FVDVMK
sp|Q42690|ALFC_CHLRE,FVDVMKEQNJVPGJK
sp|Q42690|ALFC_CHLRE,FVDVMKEQNJVPGJKVDK
sp|Q42690|ALFC_CHLRE,EQNJVPGJK
sp|Q42690|ALFC_CHLRE,EQNJVPGJKVDK
sp|Q42690|ALFC_CHLRE,EQNJVPGJKVDKGJVPJSNTNGESWCMGJDGJDK
sp|Q42690|ALFC_CHLRE,VDKGJVPJSNTNGESWCMGJDGJDK
sp|Q42690|ALFC_CHLRE,VDKGJVPJSNTNGESWCMGJDGJDKR
sp|Q42690|ALFC_CHLRE,GJVPJSNTNGESWCMGJDGJDK
sp|Q42690|ALFC_CHLRE,GJVPJSNTNGESWCMGJDGJDKR
sp|Q42690|ALFC_CHLRE,GJVPJSNTNGESWCMGJDGJDKRCAEYYK
sp|Q42690|ALFC_CHLRE,RCAEYYK
sp|Q42690|ALFC_CHLRE,RCAEYYKAGAR
sp|Q42690|ALFC_CHLRE,CAEYYK
sp|Q42690|ALFC_CHLRE,CAEYYKAGAR
sp|Q42690|ALFC_CHLRE,CAEYYKAGARFAK
sp|Q42690|ALFC_CHLRE,AGARFAK
sp|Q42690|ALFC_CHLRE,AGARFAKWR
sp|Q42690|ALFC_CHLRE,FAKWRSVVSJPHGPSJJAAR
sp|Q42690|ALFC_CHLRE,WRSVVSJPHGPSJJAAR
sp|Q42690|ALFC_CHLRE,WRSVVSJPHGPSJJAARDCAYGJAR
sp|Q42690|ALFC_CHLRE,SVVSJPHGPSJJAAR
sp|Q42690|ALFC_CHLRE,SVVSJPHGPSJJAARDCAYGJAR
sp|Q42690|ALFC_CHLRE,SVVSJPHGPSJJAARDCAYGJARYAAJAQNAGJVPJVEPEVJJDGEHDJDR
sp|Q42690|ALFC_CHLRE,DCAYGJAR
sp|Q42690|ALFC_CHLRE,DCAYGJARYAAJAQNAGJVPJVEPEVJJDGEHDJDR
sp|Q42690|ALFC_CHLRE,DCAYGJARYAAJAQNAGJVPJVEPEVJJDGEHDJDRCJEVQEAJWAETFK
sp|Q42690|ALFC_CHLRE,YAAJAQNAGJVPJVEPEVJJDGEHDJDR
sp|Q42690|ALFC_CHLRE,YAAJAQNAGJVPJVEPEVJJDGEHDJDRCJEVQEAJWAETFK
sp|Q42690|ALFC_CHLRE,YAAJAQNAGJVPJVEPEVJJDGEHDJDRCJEVQEAJWAETFKYMADNK
sp|Q42690|ALFC_CHLRE,CJEVQEAJWAETFK
sp|Q42690|ALFC_CHLRE,CJEVQEAJWAETFKYMADNK
sp|Q42690|ALFC_CHLRE,CJEVQEAJWAETFKYMADNKVMFEGJJJKPAMVTPGADCK
sp|Q42690|ALFC_CHLRE,YMADNK
sp|Q42690|ALFC_CHLRE,YMADNKVMFEGJJJKPAMVTPGADCK
sp|Q42690|ALFC_CHLRE,YMADNKVMFEGJJJKPAMVTPGADCKNK
sp|Q42690|ALFC_CHLRE,VMFEGJJJKPAMVTPGADCK
sp|Q42690|ALFC_CHLRE,VMFEGJJJKPAMVTPGADCKNK
sp|Q42690|ALFC_CHLRE,VMFEGJJJKPAMVTPGADCKNKAGPAK
sp|Q42690|ALFC_CHLRE,NKAGPAK
sp|Q42690|ALFC_CHLRE,NKAGPAKVAEYTJK
sp|Q42690|ALFC_CHLRE,AGPAKVAEYTJK
sp|Q42690|ALFC_CHLRE,AGPAKVAEYTJKMJR
sp|Q42690|ALFC_CHLRE,VAEYTJK
sp|Q42690|ALFC_CHLRE,VAEYTJKMJR
sp|Q42690|ALFC_CHLRE,VAEYTJKMJRR
sp|Q42690|ALFC_CHLRE,RRVPPAVPGJMFJSGGQSEJESTJNJNAMNQSPNPWHVSFSYAR
sp|Q42690|ALFC_CHLRE,RVPPAVPGJMFJSGGQSEJESTJNJNAMNQSPNPWHVSFSYAR
sp|Q42690|ALFC_CHLRE,RVPPAVPGJMFJSGGQSEJESTJNJNAMNQSPNPWHVSFSYARAJQNTVJK
sp|Q42690|ALFC_CHLRE,VPPAVPGJMFJSGGQSEJESTJNJNAMNQSPNPWHVSFSYAR
sp|Q42690|ALFC_CHLRE,VPPAVPGJMFJSGGQSEJESTJNJNAMNQSPNPWHVSFSYARAJQNTVJK
sp|Q42690|ALFC_CHLRE,AJQNTVJK
sp|Q42690|ALFC_CHLRE,AJQNTVJKTWQGKPENVQAAQAAJJK
sp|Q42690|ALFC_CHLRE,AJQNTVJKTWQGKPENVQAAQAAJJKR
sp|Q42690|ALFC_CHLRE,TWQGKPENVQAAQAAJJK
sp|Q42690|ALFC_CHLRE,TWQGKPENVQAAQAAJJKR
sp|Q42690|ALFC_CHLRE,TWQGKPENVQAAQAAJJKRAK
sp|Q42690|ALFC_CHLRE,RAKANSDAQQGK
sp|Q42690|ALFC_CHLRE,AKANSDAQQGK
sp|Q42690|ALFC_CHLRE,AKANSDAQQGKYDATTEGK
sp|Q42690|ALFC_CHLRE,ANSDAQQGK
sp|Q42690|ALFC_CHLRE,ANSDAQQGKYDATTEGK
sp|Q42690|ALFC_CHLRE,ANSDAQQGKYDATTEGKEAAQGMYEK
sp|Q42690|ALFC_CHLRE,YDATTEGK
sp|Q42690|ALFC_CHLRE,YDATTEGKEAAQGMYEK
sp|Q42690|ALFC_CHLRE,YDATTEGKEAAQGMYEKGYVY
sp|Q42690|ALFC_CHLRE,EAAQGMYEK
sp|Q42690|ALFC_CHLRE,EAAQGMYEKGYVY
sp|A8IEF3|ANM1_CHLRE,MATAMDTGAGASAPAVPQGDR
sp|A8IEF3|ANM1_CHLRE,MATAMDTGAGASAPAVPQGDRTSADYYFDSYSHFGJHEEMJK
sp|A8IEF3|ANM1_CHLRE,MATAMDTGAGASAPAVPQGDRTSADYYFDSYSHFGJHEEMJKDSVR
sp|A8IEF3|ANM1_CHLRE,TSADYYFDSYSHFGJHEEMJK
sp|A8IEF3|ANM1_CHLRE,TSADYYFDSYSHFGJHEEMJKDSVR
sp|A8IEF3|ANM1_CHLRE,TSADYYFDSYSHFGJHEEMJKDSVRTR
sp|A8IEF3|ANM1_CHLRE,DSVRTR
sp|A8IEF3|ANM1_CHLRE,DSVRTRTYMNAJJNNAYJFK
sp|A8IEF3|ANM1_CHLRE,TRTYMNAJJNNAYJFK
sp|A8IEF3|ANM1_CHLRE,TRTYMNAJJNNAYJFKDK
sp|A8IEF3|ANM1_CHLRE,TYMNAJJNNAYJFK
sp|A8IEF3|ANM1_CHLRE,TYMNAJJNNAYJFKDK
sp|A8IEF3|ANM1_CHLRE,TYMNAJJNNAYJFKDKJVJDJGCGTGJJSJFSAK
sp|A8IEF3|ANM1_CHLRE,DKJVJDJGCGTGJJSJFSAK
sp|A8IEF3|ANM1_CHLRE,DKJVJDJGCGTGJJSJFSAKAGAK
sp|A8IEF3|ANM1_CHLRE,JVJDJGCGTGJJSJFSAK
sp|A8IEF3|ANM1_CHLRE,JVJDJGCGTGJJSJFSAKAGAK
sp|A8IEF3|ANM1_CHLRE,JVJDJGCGTGJJSJFSAKAGAKHVYGJECSTJAEQATQJVK
sp|A8IEF3|ANM1_CHLRE,AGAKHVYGJECSTJAEQATQJVK
sp|A8IEF3|ANM1_CHLRE,AGAKHVYGJECSTJAEQATQJVKDNK
sp|A8IEF3|ANM1_CHLRE,HVYGJECSTJAEQATQJVK
sp|A8IEF3|ANM1_CHLRE,HVYGJECSTJAEQATQJVKDNK
sp|A8IEF3|ANM1_CHLRE,HVYGJECSTJAEQATQJVKDNKFDDR
sp|A8IEF3|ANM1_CHLRE,DNKFDDR
sp|A8IEF3|ANM1_CHLRE,DNKFDDRVTJJK
sp|A8IEF3|ANM1_CHLRE,FDDRVTJJK
sp|A8IEF3|ANM1_CHLRE,FDDRVTJJKGK
sp|A8IEF3|ANM1_CHLRE,VTJJKGK
sp|A8IEF3|ANM1_CHLRE,VTJJKGKVEEVTJPVDK
sp|A8IEF3|ANM1_CHLRE,GKVEEVTJPVDK
sp|A8IEF3|ANM1_CHLRE,GKVEEVTJPVDKVDJJJSEWMGYFJFYESMJDTVJYAR
sp|A8IEF3|ANM1_CHLRE,VEEVTJPVDK
sp|A8IEF3|ANM1_CHLRE,VEEVTJPVDKVDJJJSEWMGYFJFYESMJDTVJYAR
sp|A8IEF3|ANM1_CHLRE,VEEVTJPVDKVDJJJSEWMGYFJFYESMJDTVJYARDK
sp|A8IEF3|ANM1_CHLRE,VDJJJSEWMGYFJFYESMJDTVJYAR
sp|A8IEF3|ANM1_CHLRE,VDJJJSEWMGYFJFYESMJDTVJYARDK
sp|A8IEF3|ANM1_CHLRE,VDJJJSEWMGYFJFYESMJDTVJYARDKWJVPGGJJMPDK
sp|A8IEF3|ANM1_CHLRE,DKWJVPGGJJMPDK
sp|A8IEF3|ANM1_CHLRE,DKWJVPGGJJMPDKATJSJCAJEDGEYK
sp|A8IEF3|ANM1_CHLRE,WJVPGGJJMPDK
sp|A8IEF3|ANM1_CHLRE,WJVPGGJJMPDKATJSJCAJEDGEYK
sp|A8IEF3|ANM1_CHLRE,WJVPGGJJMPDKATJSJCAJEDGEYKHDK
sp|A8IEF3|ANM1_CHLRE,ATJSJCAJEDGEYK
sp|A8IEF3|ANM1_CHLRE,ATJSJCAJEDGEYKHDK
sp|A8IEF3|ANM1_CHLRE,ATJSJCAJEDGEYKHDKJEFWDNVYGFNMSCJK
sp|A8IEF3|ANM1_CHLRE,HDKJEFWDNVYGFNMSCJK
sp|A8IEF3|ANM1_CHLRE,HDKJEFWDNVYGFNMSCJKQJAJAEPJVDJVEPDQJASTJQTVVSVDJSTMK
sp|A8IEF3|ANM1_CHLRE,JEFWDNVYGFNMSCJK
sp|A8IEF3|ANM1_CHLRE,JEFWDNVYGFNMSCJKQJAJAEPJVDJVEPDQJASTJQTVVSVDJSTMK
sp|A8IEF3|ANM1_CHLRE,JEFWDNVYGFNMSCJKQJAJAEPJVDJVEPDQJASTJQTVVSVDJSTMKK
sp|A8IEF3|ANM1_CHLRE,QJAJAEPJVDJVEPDQJASTJQTVVSVDJSTMK
sp|A8IEF3|ANM1_CHLRE,QJAJAEPJVDJVEPDQJASTJQTVVSVDJSTMKK
sp|A8IEF3|ANM1_CHLRE,QJAJAEPJVDJVEPDQJASTJQTVVSVDJSTMKKEDATFTVPYEJTMTR
sp|A8IEF3|ANM1_CHLRE,KEDATFTVPYEJTMTR
sp|A8IEF3|ANM1_CHLRE,KEDATFTVPYEJTMTRNDYVHAJVGFFDVSFTR
sp|A8IEF3|ANM1_CHLRE,EDATFTVPYEJTMTR
sp|A8IEF3|ANM1_CHLRE,EDATFTVPYEJTMTRNDYVHAJVGFFDVSFTR
sp|A8IEF3|ANM1_CHLRE,EDATFTVPYEJTMTRNDYVHAJVGFFDVSFTRGHKPJSFTTSPR
sp|A8IEF3|ANM1_CHLRE,NDYVHAJVGFFDVSFTR
sp|A8IEF3|ANM1_CHLRE,NDYVHAJVGFFDVSFTRGHKPJSFTTSPR
sp|A8IEF3|ANM1_CHLRE,NDYVHAJVGFFDVSFTRGHKPJSFTTSPRAR
sp|A8IEF3|ANM1_CHLRE,GHKPJSFTTSPR
sp|A8IEF3|ANM1_CHLRE,GHKPJSFTTSPRAR
sp|A8IEF3|ANM1_CHLRE,GHKPJSFTTSPRARATHWK
sp|A8IEF3|ANM1_CHLRE,ARATHWK
sp|A8IEF3|ANM1_CHLRE,ARATHWKQTVFYJEDTJMASK
sp|A8IEF3|ANM1_CHLRE,ATHWKQTVFYJEDTJMASK
sp|A8IEF3|ANM1_CHLRE,ATHWKQTVFYJEDTJMASKDETJSGK
sp|A8IEF3|ANM1_CHLRE,QTVFYJEDTJMASK
sp|A8IEF3|ANM1_CHLRE,QTVFYJEDTJMASKDETJSGK
sp|A8IEF3|ANM1_CHLRE,QTVFYJEDTJMASKDETJSGKJECKPNAK
sp|A8IEF3|ANM1_CHLRE,DETJSGK
sp|A8IEF3|ANM1_CHLRE,DETJSGKJECKPNAK
sp|A8IEF3|ANM1_CHLRE,DETJSGKJECKPNAKNPR
sp|A8IEF3|ANM1_CHLRE,JECKPNAK
sp|A8IEF3|ANM1_CHLRE,JECKPNAKNPR
sp|A8IEF3|ANM1_CHLRE,JECKPNAKNPRDJDJSJAYEFEGER
sp|A8IEF3|ANM1_CHLRE,NPRDJDJSJAYEFEGER
sp|A8IEF3|ANM1_CHLRE,NPRDJDJSJAYEFEGERGQVK
sp|A8IEF3|ANM1_CHLRE,DJDJSJAYEFEGER
sp|A8IEF3|ANM1_CHLRE,DJDJSJAYEFEGERGQVK
sp|A8IEF3|ANM1_CHLRE,DJDJSJAYEFEGERGQVKNTQQYR
sp|A8IEF3|ANM1_CHLRE,GQVKNTQQYR
sp|A8IEF3|ANM1_CHLRE,GQVKNTQQYRMR
sp|A8IEF3|ANM1_CHLRE,NTQQYR
sp|A8IEF3|ANM1_CHLRE,NTQQYRMR
sp|A8INQ0|ARL13_CHLRE,MFGJJVNFYRFCR
sp|A8INQ0|ARL13_CHLRE,MFGJJVNFYRFCRK
sp|A8INQ0|ARL13_CHLRE,TERKJTJAJJGJDNAGK
sp|A8INQ0|ARL13_CHLRE,KJTJAJJGJDNAGK
sp|A8INQ0|ARL13_CHLRE,KJTJAJJGJDNAGKTTJJNSJQGEVDR
sp|A8INQ0|ARL13_CHLRE,JTJAJJGJDNAGK
sp|A8INQ0|ARL13_CHLRE,JTJAJJGJDNAGKTTJJNSJQGEVDR
sp|A8INQ0|ARL13_CHLRE,JTJAJJGJDNAGKTTJJNSJQGEVDRDTTPTFGFNSTTJNEGK
sp|A8INQ0|ARL13_CHLRE,TTJJNSJQGEVDR
sp|A8INQ0|ARL13_CHLRE,TTJJNSJQGEVDRDTTPTFGFNSTTJNEGK
sp|A8INQ0|ARL13_CHLRE,TTJJNSJQGEVDRDTTPTFGFNSTTJNEGKYK
sp|A8INQ0|ARL13_CHLRE,DTTPTFGFNSTTJNEGK
sp|A8INQ0|ARL13_CHLRE,DTTPTFGFNSTTJNEGKYK
sp|A8INQ0|ARL13_CHLRE,DTTPTFGFNSTTJNEGKYKJEVFDJGGGK
sp|A8INQ0|ARL13_CHLRE,YKJEVFDJGGGK
sp|A8INQ0|ARL13_CHLRE,YKJEVFDJGGGKNJR
sp|A8INQ0|ARL13_CHLRE,JEVFDJGGGK
sp|A8INQ0|ARL13_CHLRE,JEVFDJGGGKNJR
sp|A8INQ0|ARL13_CHLRE,JEVFDJGGGKNJRGVWK
sp|A8INQ0|ARL13_CHLRE,NJRGVWK
sp|A8INQ0|ARL13_CHLRE,NJRGVWKK
sp|A8INQ0|ARL13_CHLRE,GVWKKYJAEVHAJVYVVDAADPGR
sp|A8INQ0|ARL13_CHLRE,KYJAEVHAJVYVVDAADPGR
sp|A8INQ0|ARL13_CHLRE,KYJAEVHAJVYVVDAADPGRFEESK
sp|A8INQ0|ARL13_CHLRE,YJAEVHAJVYVVDAADPGR
sp|A8INQ0|ARL13_CHLRE,YJAEVHAJVYVVDAADPGRFEESK
sp|A8INQ0|ARL13_CHLRE,YJAEVHAJVYVVDAADPGRFEESKMTMAEVJENQFMR
sp|A8INQ0|ARL13_CHLRE,FEESKMTMAEVJENQFMR
sp|A8INQ0|ARL13_CHLRE,FEESKMTMAEVJENQFMRDKPJCJFANK
sp|A8INQ0|ARL13_CHLRE,MTMAEVJENQFMR
sp|A8INQ0|ARL13_CHLRE,MTMAEVJENQFMRDKPJCJFANK
sp|A8INQ0|ARL13_CHLRE,MTMAEVJENQFMRDKPJCJFANKQDJPTAAPAAEVVK
sp|A8INQ0|ARL13_CHLRE,DKPJCJFANK
sp|A8INQ0|ARL13_CHLRE,DKPJCJFANKQDJPTAAPAAEVVK
sp|A8INQ0|ARL13_CHLRE,DKPJCJFANKQDJPTAAPAAEVVKGJGJATCR
sp|A8INQ0|ARL13_CHLRE,QDJPTAAPAAEVVK
sp|A8INQ0|ARL13_CHLRE,QDJPTAAPAAEVVKGJGJATCR
sp|A8INQ0|ARL13_CHLRE,QDJPTAAPAAEVVKGJGJATCRNSHNVFPCTAK
sp|A8INQ0|ARL13_CHLRE,GJGJATCR
sp|A8INQ0|ARL13_CHLRE,GJGJATCRNSHNVFPCTAK
sp|A8INQ0|ARL13_CHLRE,GJGJATCRNSHNVFPCTAKMPAGQDVDHR
sp|A8INQ0|ARL13_CHLRE,NSHNVFPCTAK
sp|A8INQ0|ARL13_CHLRE,NSHNVFPCTAKMPAGQDVDHR
sp|A8INQ0|ARL13_CHLRE,NSHNVFPCTAKMPAGQDVDHRJR
sp|A8INQ0|ARL13_CHLRE,MPAGQDVDHR
sp|A8INQ0|ARL13_CHLRE,MPAGQDVDHRJR
sp|A8INQ0|ARL13_CHLRE,MPAGQDVDHRJRDGJK
sp|A8INQ0|ARL13_CHLRE,JRDGJK
sp|A8INQ0|ARL13_CHLRE,JRDGJKWJVGTVDR
sp|A8INQ0|ARL13_CHLRE,DGJKWJVGTVDR
sp|A8INQ0|ARL13_CHLRE,DGJKWJVGTVDREFGR
sp|A8INQ0|ARL13_CHLRE,WJVGTVDR
sp|A8INQ0|ARL13_CHLRE,WJVGTVDREFGR
sp|A8INQ0|ARL13_CHLRE,WJVGTVDREFGRJDPR
sp|A8INQ0|ARL13_CHLRE,EFGRJDPR
sp|A8INQ0|ARL13_CHLRE,EFGRJDPRVQTEAEEVR
sp|A8INQ0|ARL13_CHLRE,JDPRVQTEAEEVR
sp|A8INQ0|ARL13_CHLRE,JDPRVQTEAEEVRQEEAR
sp|A8INQ0|ARL13_CHLRE,VQTEAEEVR
sp|A8INQ0|ARL13_CHLRE,VQTEAEEVRQEEAR
sp|A8INQ0|ARL13_CHLRE,VQTEAEEVRQEEARK
sp|A8INQ0|ARL13_CHLRE,QEEARK
sp|A8INQ0|ARL13_CHLRE,QEEARKK
sp|A8INQ0|ARL13_CHLRE,KEREER
sp|A8INQ0|ARL13_CHLRE,EREERJR
sp|A8INQ0|ARL13_CHLRE,EERJRK
sp|A8INQ0|ARL13_CHLRE,KQREER
sp|A8INQ0|ARL13_CHLRE,QREERJR
sp|A8INQ0|ARL13_CHLRE,EERJRQQK
sp|A8INQ0|ARL13_CHLRE,JRQQKEEEER
sp|A8INQ0|ARL13_CHLRE,QQKEEEER
sp|A8INQ0|ARL13_CHLRE,QQKEEEERAR
sp|A8INQ0|ARL13_CHLRE,EEEERAR
sp|A8INQ0|ARL13_CHLRE,EEEERAREVEK
sp|A8INQ0|ARL13_CHLRE,AREVEK
sp|A8INQ0|ARL13_CHLRE,AREVEKENEJHDGK
sp|A8INQ0|ARL13_CHLRE,EVEKENEJHDGK
sp|A8INQ0|ARL13_CHLRE,ENEJHDGK
sp|A8INQ0|ARL13_CHLRE,FPPPPR
sp|A8INQ0|ARL13_CHLRE,FPPPPRRPJEAHPASDJR
sp|A8INQ0|ARL13_CHLRE,FPPPPRRPJEAHPASDJRJVAPDQGVSSASGGPGJGAMPSGSHGGGGVPPQPASJPHVR
sp|A8INQ0|ARL13_CHLRE,RPJEAHPASDJR
sp|A8INQ0|ARL13_CHLRE,RPJEAHPASDJRJVAPDQGVSSASGGPGJGAMPSGSHGGGGVPPQPASJPHVR
sp|A8INQ0|ARL13_CHLRE,JVAPDQGVSSASGGPGJGAMPSGSHGGGGVPPQPASJPHVR
sp|A8INQ0|ARL13_CHLRE,AAJPPJPPSAPQPSDAGVGSSGSASR
sp|A8INQ0|ARL13_CHLRE,HPGAHSSSAAAPPNVASGAAAEDGPEPDAAGTAAGEAGSGSVFAPRPASAGGGGPGSR
sp|A8INQ0|ARL13_CHLRE,GSGSGMTPDAR
sp|A8INQ0|ARL13_CHLRE,GSGSGMTPDAREJGSGGVESGEGTPAR
sp|A8INQ0|ARL13_CHLRE,GSGSGMTPDAREJGSGGVESGEGTPARJR
sp|A8INQ0|ARL13_CHLRE,EJGSGGVESGEGTPAR
sp|A8INQ0|ARL13_CHLRE,EJGSGGVESGEGTPARJR
sp|A8INQ0|ARL13_CHLRE,EJGSGGVESGEGTPARJRAGAQQASDGGHGNSK
sp|A8INQ0|ARL13_CHLRE,JRAGAQQASDGGHGNSK
sp|A8INQ0|ARL13_CHLRE,JRAGAQQASDGGHGNSKGSFSJVHTSNK
sp|A8INQ0|ARL13_CHLRE,AGAQQASDGGHGNSK
sp|A8INQ0|ARL13_CHLRE,AGAQQASDGGHGNSKGSFSJVHTSNK
sp|A8INQ0|ARL13_CHLRE,AGAQQASDGGHGNSKGSFSJVHTSNKVVPVAPDJR
sp|A8INQ0|ARL13_CHLRE,GSFSJVHTSNK
sp|A8INQ0|ARL13_CHLRE,GSFSJVHTSNKVVPVAPDJR
sp|A8INQ0|ARL13_CHLRE,GSFSJVHTSNKVVPVAPDJRAGJPGAPNDA
sp|A8INQ0|ARL13_CHLRE,VVPVAPDJR
sp|A8INQ0|ARL13_CHLRE,VVPVAPDJRAGJPGAPNDA
sp|A8INQ0|ARL13_CHLRE,AGJPGAPNDA
sp|A8ISN6|ARL3_CHLRE,MGJJSJJRGJK
sp|A8ISN6|ARL3_CHLRE,MGJJSJJRGJKK
sp|A8ISN6|ARL3_CHLRE,KKEGEAR
sp|A8ISN6|ARL3_CHLRE,KEGEAR
sp|A8ISN6|ARL3_CHLRE,KEGEARJJVJGJDNAGK
sp|A8ISN6|ARL3_CHLRE,EGEARJJVJGJDNAGK
sp|A8ISN6|ARL3_CHLRE,EGEARJJVJGJDNAGKTTJJK
sp|A8ISN6|ARL3_CHLRE,JJVJGJDNAGK
sp|A8ISN6|ARL3_CHLRE,JJVJGJDNAGKTTJJK
sp|A8ISN6|ARL3_CHLRE,JJVJGJDNAGKTTJJKAJSEEDJTTJTPTQGFNJK
sp|A8ISN6|ARL3_CHLRE,TTJJKAJSEEDJTTJTPTQGFNJK
sp|A8ISN6|ARL3_CHLRE,TTJJKAJSEEDJTTJTPTQGFNJKSJSR
sp|A8ISN6|ARL3_CHLRE,AJSEEDJTTJTPTQGFNJK
sp|A8ISN6|ARL3_CHLRE,AJSEEDJTTJTPTQGFNJKSJSR
sp|A8ISN6|ARL3_CHLRE,AJSEEDJTTJTPTQGFNJKSJSRDGFNJK
sp|A8ISN6|ARL3_CHLRE,SJSRDGFNJK
sp|A8ISN6|ARL3_CHLRE,SJSRDGFNJKJWDJGGQK
sp|A8ISN6|ARL3_CHLRE,DGFNJK
sp|A8ISN6|ARL3_CHLRE,DGFNJKJWDJGGQK
sp|A8ISN6|ARL3_CHLRE,DGFNJKJWDJGGQKSJRPYWR
sp|A8ISN6|ARL3_CHLRE,JWDJGGQK
sp|A8ISN6|ARL3_CHLRE,JWDJGGQKSJRPYWR
sp|A8ISN6|ARL3_CHLRE,JWDJGGQKSJRPYWRNYFDQTDAJJYVJDSADSK
sp|A8ISN6|ARL3_CHLRE,SJRPYWR
sp|A8ISN6|ARL3_CHLRE,SJRPYWRNYFDQTDAJJYVJDSADSK
sp|A8ISN6|ARL3_CHLRE,SJRPYWRNYFDQTDAJJYVJDSADSKR
sp|A8ISN6|ARL3_CHLRE,NYFDQTDAJJYVJDSADSK
sp|A8ISN6|ARL3_CHLRE,NYFDQTDAJJYVJDSADSKR
sp|A8ISN6|ARL3_CHLRE,NYFDQTDAJJYVJDSADSKRJSESEFEJTEJJQEEK
sp|A8ISN6|ARL3_CHLRE,RJSESEFEJTEJJQEEK
sp|A8ISN6|ARL3_CHLRE,RJSESEFEJTEJJQEEKMTGVPJJVFANK
sp|A8ISN6|ARL3_CHLRE,JSESEFEJTEJJQEEK
sp|A8ISN6|ARL3_CHLRE,JSESEFEJTEJJQEEKMTGVPJJVFANK
sp|A8ISN6|ARL3_CHLRE,JSESEFEJTEJJQEEKMTGVPJJVFANKQDJVGAJAADEJASTJDJTSJR
sp|A8ISN6|ARL3_CHLRE,MTGVPJJVFANK
sp|A8ISN6|ARL3_CHLRE,MTGVPJJVFANKQDJVGAJAADEJASTJDJTSJR
sp|A8ISN6|ARL3_CHLRE,MTGVPJJVFANKQDJVGAJAADEJASTJDJTSJRDRPWQJQACSAK
sp|A8ISN6|ARL3_CHLRE,QDJVGAJAADEJASTJDJTSJR
sp|A8ISN6|ARL3_CHLRE,QDJVGAJAADEJASTJDJTSJRDRPWQJQACSAK
sp|A8ISN6|ARL3_CHLRE,QDJVGAJAADEJASTJDJTSJRDRPWQJQACSAKQGTGJK
sp|A8ISN6|ARL3_CHLRE,DRPWQJQACSAK
sp|A8ISN6|ARL3_CHLRE,DRPWQJQACSAKQGTGJK
sp|A8ISN6|ARL3_CHLRE,DRPWQJQACSAKQGTGJKEGMEWMMK
sp|A8ISN6|ARL3_CHLRE,QGTGJK
sp|A8ISN6|ARL3_CHLRE,QGTGJKEGMEWMMK
sp|A8ISN6|ARL3_CHLRE,QGTGJKEGMEWMMKQVK
sp|A8ISN6|ARL3_CHLRE,EGMEWMMK
sp|A8ISN6|ARL3_CHLRE,EGMEWMMKQVK
