ID,Peptide
group1,MGJJSJJR
group1,MFGJJVNFYRFCR
group1,MFGJJVNFYRFCRK
group1,TERKJTJAJJGJDNAGK
group1,KJTJAJJGJDNAGK
group1,KJTJAJJGJDNAGKTTJJNSJQGEVDR
group1,JTJAJJGJDNAGK
group1,JTJAJJGJDNAGKTTJJNSJQGEVDR
group1,JTJAJJGJDNAGKTTJJNSJQGEVDRDTTPTFGFNSTTJNEGK
group1,TTJJNSJQGEVDR
group1,TTJJNSJQGEVDRDTTPTFGFNSTTJNEGK
group1,TTJJNSJQGEVDRDTTPTFGFNSTTJNEGKYK
group1,DTTPTFGFNSTTJNEGK
group1,DTTPTFGFNSTTJNEGKYK
group1,DTTPTFGFNSTTJNEGKYKJEVFDJGGGK
group1,YKJEVFDJGGGK
group1,YKJEVFDJGGGKNJR
group1,JEVFDJGGGK
group1,JEVFDJGGGKNJR
group1,JEVFDJGGGKNJRGVWK
group1,NJRGVWK
group1,NJRGVWKK
group1,GVWKKYJAEVHAJVYVVDAADPGR
group1,KYJAEVHAJVYVVDAADPGR
group1,KYJAEVHAJVYVVDAADPGRFEESK
group1,YJAEVHAJVYVVDAADPGR
group1,YJAEVHAJVYVVDAADPGRFEESK
group1,YJAEVHAJVYVVDAADPGRFEESKMTMAEVJENQFMR
group1,FEESKMTMAEVJENQFMR
group1,FEESKMTMAEVJENQFMRDKPJCJFANK
group1,MTMAEVJENQFMR
group1,MTMAEVJENQFMRDKPJCJFANK
group1,MTMAEVJENQFMRDKPJCJFANKQDJPTAAPAAEVVK
group1,DKPJCJFANK
group1,DKPJCJFANKQDJPTAAPAAEVVK
group1,DKPJCJFANKQDJPTAAPAAEVVKGJGJATCR
group1,QDJPTAAPAAEVVK
group1,QDJPTAAPAAEVVKGJGJATCR
group1,QDJPTAAPAAEVVKGJGJATCRNSHNVFPCTAK
group1,GJGJATCR
group1,GJGJATCRNSHNVFPCTAK
group1,GJGJATCRNSHNVFPCTAKMPAGQDVDHR
group1,NSHNVFPCTAK
group1,NSHNVFPCTAKMPAGQDVDHR
group1,NSHNVFPCTAKMPAGQDVDHRJR
group1,MPAGQDVDHR
group1,MPAGQDVDHRJR
group1,MPAGQDVDHRJRDGJK
group1,JRDGJK
group1,JRDGJKWJVGTVDR
group1,DGJKWJVGTVDR
group1,DGJKWJVGTVDREFGR
group1,WJVGTVDR
group1,WJVGTVDREFGR
group1,WJVGTVDREFGRJDPR
group1,EFGRJDPR
group1,EFGRJDPRVQTEAEEVR
group1,JDPRVQTEAEEVR
group1,JDPRVQTEAEEVRQEEAR
group1,VQTEAEEVR
group1,VQTEAEEVRQEEAR
group1,VQTEAEEVRQEEARK
group1,QEEARK
group1,QEEARKK
group1,KEREER
group1,EREERJR
group1,EERJRK
group1,KQREER
group1,QREERJR
group1,EERJRQQK
group1,JRQQKEEEER
group1,QQKEEEER
group1,QQKEEEERAR
group1,EEEERAR
group1,EEEERAREVEK
group1,AREVEK
group1,AREVEKENEJHDGK
group1,EVEKENEJHDGK
group1,ENEJHDGK
group1,FPPPPR
group1,FPPPPRRPJEAHPASDJR
group1,FPPPPRRPJEAHPASDJRJVAPDQGVSSASGGPGJGAMPSGSHGGGGVPPQPASJPHVR
group1,RPJEAHPASDJR
group1,RPJEAHPASDJRJVAPDQGVSSASGGPGJGAMPSGSHGGGGVPPQPASJPHVR
group1,JVAPDQGVSSASGGPGJGAMPSGSHGGGGVPPQPASJPHVR
group1,AAJPPJPPSAPQPSDAGVGSSGSASR
group1,HPGAHSSSAAAPPNVASGAAAEDGPEPDAAGTAAGEAGSGSVFAPRPASAGGGGPGSR
group1,GSGSGMTPDAR
group1,GSGSGMTPDAREJGSGGVESGEGTPAR
group1,GSGSGMTPDAREJGSGGVESGEGTPARJR
group1,EJGSGGVESGEGTPAR
group1,EJGSGGVESGEGTPARJR
group1,EJGSGGVESGEGTPARJRAGAQQASDGGHGNSK
group1,JRAGAQQASDGGHGNSK
group1,JRAGAQQASDGGHGNSKGSFSJVHTSNK
group1,AGAQQASDGGHGNSK
group1,AGAQQASDGGHGNSKGSFSJVHTSNK
group1,AGAQQASDGGHGNSKGSFSJVHTSNKVVPVAPDJR
group1,GSFSJVHTSNK
group1,GSFSJVHTSNKVVPVAPDJR
group1,GSFSJVHTSNKVVPVAPDJRAGJPGAPNDA
group1,VVPVAPDJR
group1,VVPVAPDJRAGJPGAPNDA
group1,AGJPGAPNDA
group1,MGJJSJJRGJK
group1,MGJJSJJRGJKK
group1,KKEGEAR
group1,KEGEAR
group1,KEGEARJJVJGJDNAGK
group1,EGEARJJVJGJDNAGK
group1,EGEARJJVJGJDNAGKTTJJK
group1,JJVJGJDNAGK
group1,JJVJGJDNAGKTTJJK
group1,JJVJGJDNAGKTTJJKAJSEEDJTTJTPTQGFNJK
group1,TTJJKAJSEEDJTTJTPTQGFNJK
group1,TTJJKAJSEEDJTTJTPTQGFNJKSJSR
group1,AJSEEDJTTJTPTQGFNJK
group1,AJSEEDJTTJTPTQGFNJKSJSR
group1,AJSEEDJTTJTPTQGFNJKSJSRDGFNJK
group1,SJSRDGFNJK
group1,SJSRDGFNJKJWDJGGQK
group1,DGFNJK
group1,DGFNJKJWDJGGQK
group1,DGFNJKJWDJGGQKSJRPYWR
group1,JWDJGGQK
group1,JWDJGGQKSJRPYWR
group1,JWDJGGQKSJRPYWRNYFDQTDAJJYVJDSADSK
group1,SJRPYWR
group1,SJRPYWRNYFDQTDAJJYVJDSADSK
group1,SJRPYWRNYFDQTDAJJYVJDSADSKR
group1,NYFDQTDAJJYVJDSADSK
group1,NYFDQTDAJJYVJDSADSKR
group1,NYFDQTDAJJYVJDSADSKRJSESEFEJTEJJQEEK
group1,RJSESEFEJTEJJQEEK
group1,RJSESEFEJTEJJQEEKMTGVPJJVFANK
group1,JSESEFEJTEJJQEEK
group1,JSESEFEJTEJJQEEKMTGVPJJVFANK
group1,JSESEFEJTEJJQEEKMTGVPJJVFANKQDJVGAJAADEJASTJDJTSJR
group1,MTGVPJJVFANK
group1,MTGVPJJVFANKQDJVGAJAADEJASTJDJTSJR
group1,MTGVPJJVFANKQDJVGAJAADEJASTJDJTSJRDRPWQJQACSAK
group1,QDJVGAJAADEJASTJDJTSJR
group1,QDJVGAJAADEJASTJDJTSJRDRPWQJQACSAK
group1,QDJVGAJAADEJASTJDJTSJRDRPWQJQACSAKQGTGJK
group1,DRPWQJQACSAK
group1,DRPWQJQACSAKQGTGJK
group1,DRPWQJQACSAKQGTGJKEGMEWMMK
group1,QGTGJK
group1,QGTGJKEGMEWMMK
group1,QGTGJKEGMEWMMKQVK
group1,EGMEWMMK
group1,EGMEWMMKQVK
group2,MAJMMK
group2,MAJMMKSSASJK
group2,MAJMMKSSASJKAVSAGR
group2,SSASJK
group2,SSASJKAVSAGR
group2,SSASJKAVSAGRSR
group2,AVSAGR
group2,AVSAGRSR
group2,AVSAGRSRR
group2,SRRAVVVR
group2,RAVVVR
group2,RAVVVRAGK
group2,AVVVRAGK
group2,AVVVRAGKYDEEJJK
group2,AGKYDEEJJK
group2,AGKYDEEJJKTAGTVASK
group2,YDEEJJK
group2,YDEEJJKTAGTVASK
group2,YDEEJJKTAGTVASKGR
group2,TAGTVASK
group2,TAGTVASKGR
group2,TAGTVASKGRGJJAMDESNATCGK
group2,GRGJJAMDESNATCGK
group2,GRGJJAMDESNATCGKR
group2,GJJAMDESNATCGK
group2,GJJAMDESNATCGKR
group2,GJJAMDESNATCGKRJDSJGVENTEENR
group2,RJDSJGVENTEENR
group2,RJDSJGVENTEENRR
group2,JDSJGVENTEENR
group2,JDSJGVENTEENRR
group2,JDSJGVENTEENRRAYR
group2,RAYREJJVTAPGJGQYJSGAJJFEETJYQSTASGK
group2,AYREJJVTAPGJGQYJSGAJJFEETJYQSTASGK
group2,AYREJJVTAPGJGQYJSGAJJFEETJYQSTASGKK
group2,EJJVTAPGJGQYJSGAJJFEETJYQSTASGK
group2,EJJVTAPGJGQYJSGAJJFEETJYQSTASGKK
group2,EJJVTAPGJGQYJSGAJJFEETJYQSTASGKKFVDVMK
group2,KFVDVMK
group2,KFVDVMKEQNJVPGJK
group2,FVDVMK
group2,FVDVMKEQNJVPGJK
group2,FVDVMKEQNJVPGJKVDK
group2,EQNJVPGJK
group2,EQNJVPGJKVDK
group2,EQNJVPGJKVDKGJVPJSNTNGESWCMGJDGJDK
group2,VDKGJVPJSNTNGESWCMGJDGJDK
group2,VDKGJVPJSNTNGESWCMGJDGJDKR
group2,GJVPJSNTNGESWCMGJDGJDK
group2,GJVPJSNTNGESWCMGJDGJDKR
group2,GJVPJSNTNGESWCMGJDGJDKRCAEYYK
group2,RCAEYYK
group2,RCAEYYKAGAR
group2,CAEYYK
group2,CAEYYKAGAR
group2,CAEYYKAGARFAK
group2,AGARFAK
group2,AGARFAKWR
group2,FAKWRSVVSJPHGPSJJAAR
group2,WRSVVSJPHGPSJJAAR
group2,WRSVVSJPHGPSJJAARDCAYGJAR
group2,SVVSJPHGPSJJAAR
group2,SVVSJPHGPSJJAARDCAYGJAR
group2,SVVSJPHGPSJJAARDCAYGJARYAAJAQNAGJVPJVEPEVJJDGEHDJDR
group2,DCAYGJAR
group2,DCAYGJARYAAJAQNAGJVPJVEPEVJJDGEHDJDR
group2,DCAYGJARYAAJAQNAGJVPJVEPEVJJDGEHDJDRCJEVQEAJWAETFK
group2,YAAJAQNAGJVPJVEPEVJJDGEHDJDR
group2,YAAJAQNAGJVPJVEPEVJJDGEHDJDRCJEVQEAJWAETFK
group2,YAAJAQNAGJVPJVEPEVJJDGEHDJDRCJEVQEAJWAETFKYMADNK
group2,CJEVQEAJWAETFK
group2,CJEVQEAJWAETFKYMADNK
group2,CJEVQEAJWAETFKYMADNKVMFEGJJJKPAMVTPGADCK
group2,YMADNK
group2,YMADNKVMFEGJJJKPAMVTPGADCK
group2,YMADNKVMFEGJJJKPAMVTPGADCKNK
group2,VMFEGJJJKPAMVTPGADCK
group2,VMFEGJJJKPAMVTPGADCKNK
group2,VMFEGJJJKPAMVTPGADCKNKAGPAK
group2,NKAGPAK
group2,NKAGPAKVAEYTJK
group2,AGPAKVAEYTJK
group2,AGPAKVAEYTJKMJR
group2,VAEYTJK
group2,VAEYTJKMJR
group2,VAEYTJKMJRR
group2,RRVPPAVPGJMFJSGGQSEJESTJNJNAMNQSPNPWHVSFSYAR
group2,RVPPAVPGJMFJSGGQSEJESTJNJNAMNQSPNPWHVSFSYAR
group2,RVPPAVPGJMFJSGGQSEJESTJNJNAMNQSPNPWHVSFSYARAJQNTVJK
group2,VPPAVPGJMFJSGGQSEJESTJNJNAMNQSPNPWHVSFSYAR
group2,VPPAVPGJMFJSGGQSEJESTJNJNAMNQSPNPWHVSFSYARAJQNTVJK
group2,AJQNTVJK
group2,AJQNTVJKTWQGKPENVQAAQAAJJK
group2,AJQNTVJKTWQGKPENVQAAQAAJJKR
group2,TWQGKPENVQAAQAAJJK
group2,TWQGKPENVQAAQAAJJKR
group2,TWQGKPENVQAAQAAJJKRAK
group2,RAKANSDAQQGK
group2,AKANSDAQQGK
group2,AKANSDAQQGKYDATTEGK
group2,ANSDAQQGK
group2,ANSDAQQGKYDATTEGK
group2,ANSDAQQGKYDATTEGKEAAQGMYEK
group2,YDATTEGK
group2,YDATTEGKEAAQGMYEK
group2,YDATTEGKEAAQGMYEKGYVY
group2,EAAQGMYEK
group2,EAAQGMYEKGYVY
group3,MATAMDTGAGASAPAVPQGDR
group3,MATAMDTGAGASAPAVPQGDRTSADYYFDSYSHFGJHEEMJK
group3,MATAMDTGAGASAPAVPQGDRTSADYYFDSYSHFGJHEEMJKDSVR
group3,TSADYYFDSYSHFGJHEEMJK
group3,TSADYYFDSYSHFGJHEEMJKDSVR
group3,TSADYYFDSYSHFGJHEEMJKDSVRTR
group3,DSVRTR
group3,DSVRTRTYMNAJJNNAYJFK
group3,TRTYMNAJJNNAYJFK
group3,TRTYMNAJJNNAYJFKDK
group3,TYMNAJJNNAYJFK
group3,TYMNAJJNNAYJFKDK
group3,TYMNAJJNNAYJFKDKJVJDJGCGTGJJSJFSAK
group3,DKJVJDJGCGTGJJSJFSAK
group3,DKJVJDJGCGTGJJSJFSAKAGAK
group3,JVJDJGCGTGJJSJFSAK
group3,JVJDJGCGTGJJSJFSAKAGAK
group3,JVJDJGCGTGJJSJFSAKAGAKHVYGJECSTJAEQATQJVK
group3,AGAKHVYGJECSTJAEQATQJVK
group3,AGAKHVYGJECSTJAEQATQJVKDNK
group3,HVYGJECSTJAEQATQJVK
group3,HVYGJECSTJAEQATQJVKDNK
group3,HVYGJECSTJAEQATQJVKDNKFDDR
group3,DNKFDDR
group3,DNKFDDRVTJJK
group3,FDDRVTJJK
group3,FDDRVTJJKGK
group3,VTJJKGK
group3,VTJJKGKVEEVTJPVDK
group3,GKVEEVTJPVDK
group3,GKVEEVTJPVDKVDJJJSEWMGYFJFYESMJDTVJYAR
group3,VEEVTJPVDK
group3,VEEVTJPVDKVDJJJSEWMGYFJFYESMJDTVJYAR
group3,VEEVTJPVDKVDJJJSEWMGYFJFYESMJDTVJYARDK
group3,VDJJJSEWMGYFJFYESMJDTVJYAR
group3,VDJJJSEWMGYFJFYESMJDTVJYARDK
group3,VDJJJSEWMGYFJFYESMJDTVJYARDKWJVPGGJJMPDK
group3,DKWJVPGGJJMPDK
group3,DKWJVPGGJJMPDKATJSJCAJEDGEYK
group3,WJVPGGJJMPDK
group3,WJVPGGJJMPDKATJSJCAJEDGEYK
group3,WJVPGGJJMPDKATJSJCAJEDGEYKHDK
group3,ATJSJCAJEDGEYK
group3,ATJSJCAJEDGEYKHDK
group3,ATJSJCAJEDGEYKHDKJEFWDNVYGFNMSCJK
group3,HDKJEFWDNVYGFNMSCJK
group3,HDKJEFWDNVYGFNMSCJKQJAJAEPJVDJVEPDQJASTJQTVVSVDJSTMK
group3,JEFWDNVYGFNMSCJK
group3,JEFWDNVYGFNMSCJKQJAJAEPJVDJVEPDQJASTJQTVVSVDJSTMK
group3,JEFWDNVYGFNMSCJKQJAJAEPJVDJVEPDQJASTJQTVVSVDJSTMKK
group3,QJAJAEPJVDJVEPDQJASTJQTVVSVDJSTMK
group3,QJAJAEPJVDJVEPDQJASTJQTVVSVDJSTMKK
group3,QJAJAEPJVDJVEPDQJASTJQTVVSVDJSTMKKEDATFTVPYEJTMTR
group3,KEDATFTVPYEJTMTR
group3,KEDATFTVPYEJTMTRNDYVHAJVGFFDVSFTR
group3,EDATFTVPYEJTMTR
group3,EDATFTVPYEJTMTRNDYVHAJVGFFDVSFTR
group3,EDATFTVPYEJTMTRNDYVHAJVGFFDVSFTRGHKPJSFTTSPR
group3,NDYVHAJVGFFDVSFTR
group3,NDYVHAJVGFFDVSFTRGHKPJSFTTSPR
group3,NDYVHAJVGFFDVSFTRGHKPJSFTTSPRAR
group3,GHKPJSFTTSPR
group3,GHKPJSFTTSPRAR
group3,GHKPJSFTTSPRARATHWK
group3,ARATHWK
group3,ARATHWKQTVFYJEDTJMASK
group3,ATHWKQTVFYJEDTJMASK
group3,ATHWKQTVFYJEDTJMASKDETJSGK
group3,QTVFYJEDTJMASK
group3,QTVFYJEDTJMASKDETJSGK
group3,QTVFYJEDTJMASKDETJSGKJECKPNAK
group3,DETJSGK
group3,DETJSGKJECKPNAK
group3,DETJSGKJECKPNAKNPR
group3,JECKPNAK
group3,JECKPNAKNPR
group3,JECKPNAKNPRDJDJSJAYEFEGER
group3,NPRDJDJSJAYEFEGER
group3,NPRDJDJSJAYEFEGERGQVK
group3,DJDJSJAYEFEGER
group3,DJDJSJAYEFEGERGQVK
group3,DJDJSJAYEFEGERGQVKNTQQYR
group3,GQVKNTQQYR
group3,GQVKNTQQYRMR
group3,NTQQYR
group3,NTQQYRMR
