ID,ProteinID,Peptide
group1,sp|A8INQ0|ARL13_CHLRE,MGJJSJJR
group1,sp|A8INQ0|ARL13_CHLRE,MFGJJVNFYR
group1,sp|A8INQ0|ARL13_CHLRE,MFGJJVNFYRFCR
group1,sp|A8INQ0|ARL13_CHLRE,MFGJJVNFYRFCRK
group1,sp|A8INQ0|ARL13_CHLRE,TERKJTJAJJGJDNAGK
group1,sp|A8INQ0|ARL13_CHLRE,KJTJAJJGJDNAGK
group1,sp|A8INQ0|ARL13_CHLRE,KJTJAJJGJDNAGKTTJJNSJQGEVDR
group1,sp|A8INQ0|ARL13_CHLRE,JTJAJJGJDNAGK
group1,sp|A8INQ0|ARL13_CHLRE,JTJAJJGJDNAGKTTJJNSJQGEVDR
group1,sp|A8INQ0|ARL13_CHLRE,JTJAJJGJDNAGKTTJJNSJQGEVDRDTTPTFGFNSTTJNEGK
group1,sp|A8INQ0|ARL13_CHLRE,TTJJNSJQGEVDR
group1,sp|A8INQ0|ARL13_CHLRE,TTJJNSJQGEVDRDTTPTFGFNSTTJNEGK
group1,sp|A8INQ0|ARL13_CHLRE,TTJJNSJQGEVDRDTTPTFGFNSTTJNEGKYK
group1,sp|A8INQ0|ARL13_CHLRE,DTTPTFGFNSTTJNEGK
group1,sp|A8INQ0|ARL13_CHLRE,DTTPTFGFNSTTJNEGKYK
group1,sp|A8INQ0|ARL13_CHLRE,DTTPTFGFNSTTJNEGKYKJEVFDJGGGK
group1,sp|A8INQ0|ARL13_CHLRE,YKJEVFDJGGGK
group1,sp|A8INQ0|ARL13_CHLRE,YKJEVFDJGGGKNJR
group1,sp|A8INQ0|ARL13_CHLRE,JEVFDJGGGK
group1,sp|A8INQ0|ARL13_CHLRE,JEVFDJGGGKNJR
group1,sp|A8INQ0|ARL13_CHLRE,JEVFDJGGGKNJRGVWK
group1,sp|A8INQ0|ARL13_CHLRE,NJRGVWK
group1,sp|A8INQ0|ARL13_CHLRE,NJRGVWKK
group1,sp|A8INQ0|ARL13_CHLRE,GVWKKYJAEVHAJVYVVDAADPGR
group1,sp|A8INQ0|ARL13_CHLRE,KYJAEVHAJVYVVDAADPGR
group1,sp|A8INQ0|ARL13_CHLRE,KYJAEVHAJVYVVDAADPGRFEESK
group1,sp|A8INQ0|ARL13_CHLRE,YJAEVHAJVYVVDAADPGR
group1,sp|A8INQ0|ARL13_CHLRE,YJAEVHAJVYVVDAADPGRFEESK
group1,sp|A8INQ0|ARL13_CHLRE,YJAEVHAJVYVVDAADPGRFEESKMTMAEVJENQFMR
group1,sp|A8INQ0|ARL13_CHLRE,FEESKMTMAEVJENQFMR
group1,sp|A8INQ0|ARL13_CHLRE,FEESKMTMAEVJENQFMRDKPJCJFANK
group1,sp|A8INQ0|ARL13_CHLRE,MTMAEVJENQFMR
group1,sp|A8INQ0|ARL13_CHLRE,MTMAEVJENQFMRDKPJCJFANK
group1,sp|A8INQ0|ARL13_CHLRE,MTMAEVJENQFMRDKPJCJFANKQDJPTAAPAAEVVK
group1,sp|A8INQ0|ARL13_CHLRE,DKPJCJFANK
group1,sp|A8INQ0|ARL13_CHLRE,DKPJCJFANKQDJPTAAPAAEVVK
group1,sp|A8INQ0|ARL13_CHLRE,DKPJCJFANKQDJPTAAPAAEVVKGJGJATCR
group1,sp|A8INQ0|ARL13_CHLRE,QDJPTAAPAAEVVK
group1,sp|A8INQ0|ARL13_CHLRE,QDJPTAAPAAEVVKGJGJATCR
group1,sp|A8INQ0|ARL13_CHLRE,QDJPTAAPAAEVVKGJGJATCRNSHNVFPCTAK
group1,sp|A8INQ0|ARL13_CHLRE,GJGJATCR
group1,sp|A8INQ0|ARL13_CHLRE,GJGJATCRNSHNVFPCTAK
group1,sp|A8INQ0|ARL13_CHLRE,GJGJATCRNSHNVFPCTAKMPAGQDVDHR
group1,sp|A8INQ0|ARL13_CHLRE,NSHNVFPCTAK
group1,sp|A8INQ0|ARL13_CHLRE,NSHNVFPCTAKMPAGQDVDHR
group1,sp|A8INQ0|ARL13_CHLRE,NSHNVFPCTAKMPAGQDVDHRJR
group1,sp|A8INQ0|ARL13_CHLRE,MPAGQDVDHR
group1,sp|A8INQ0|ARL13_CHLRE,MPAGQDVDHRJR
group1,sp|A8INQ0|ARL13_CHLRE,MPAGQDVDHRJRDGJK
group1,sp|A8INQ0|ARL13_CHLRE,JRDGJK
group1,sp|A8INQ0|ARL13_CHLRE,JRDGJKWJVGTVDR
group1,sp|A8INQ0|ARL13_CHLRE,DGJKWJVGTVDR
group1,sp|A8INQ0|ARL13_CHLRE,DGJKWJVGTVDREFGR
group1,sp|A8INQ0|ARL13_CHLRE,WJVGTVDR
group1,sp|A8INQ0|ARL13_CHLRE,WJVGTVDREFGR
group1,sp|A8INQ0|ARL13_CHLRE,WJVGTVDREFGRJDPR
group1,sp|A8INQ0|ARL13_CHLRE,EFGRJDPR
group1,sp|A8INQ0|ARL13_CHLRE,EFGRJDPRVQTEAEEVR
group1,sp|A8INQ0|ARL13_CHLRE,JDPRVQTEAEEVR
group1,sp|A8INQ0|ARL13_CHLRE,JDPRVQTEAEEVRQEEAR
group1,sp|A8INQ0|ARL13_CHLRE,VQTEAEEVR
group1,sp|A8INQ0|ARL13_CHLRE,VQTEAEEVRQEEAR
group1,sp|A8INQ0|ARL13_CHLRE,VQTEAEEVRQEEARK
group1,sp|A8INQ0|ARL13_CHLRE,QEEARK
group1,sp|A8INQ0|ARL13_CHLRE,QEEARKK
group1,sp|A8INQ0|ARL13_CHLRE,KEREER
group1,sp|A8INQ0|ARL13_CHLRE,EREERJR
group1,sp|A8INQ0|ARL13_CHLRE,EERJRK
group1,sp|A8INQ0|ARL13_CHLRE,KQREER
group1,sp|A8INQ0|ARL13_CHLRE,QREERJR
group1,sp|A8INQ0|ARL13_CHLRE,EERJRQQK
group1,sp|A8INQ0|ARL13_CHLRE,JRQQKEEEER
group1,sp|A8INQ0|ARL13_CHLRE,QQKEEEER
group1,sp|A8INQ0|ARL13_CHLRE,QQKEEEERAR
group1,sp|A8INQ0|ARL13_CHLRE,EEEERAR
group1,sp|A8INQ0|ARL13_CHLRE,EEEERAREVEK
group1,sp|A8INQ0|ARL13_CHLRE,AREVEK
group1,sp|A8INQ0|ARL13_CHLRE,AREVEKENEJHDGK
group1,sp|A8INQ0|ARL13_CHLRE,EVEKENEJHDGK
group1,sp|A8INQ0|ARL13_CHLRE,ENEJHDGK
group1,sp|A8INQ0|ARL13_CHLRE,FPPPPR
group1,sp|A8INQ0|ARL13_CHLRE,FPPPPRRPJEAHPASDJR
group1,sp|A8INQ0|ARL13_CHLRE,FPPPPRRPJEAHPASDJRJVAPDQGVSSASGGPGJGAMPSGSHGGGGVPPQPASJPHVR
group1,sp|A8INQ0|ARL13_CHLRE,RPJEAHPASDJR
group1,sp|A8INQ0|ARL13_CHLRE,RPJEAHPASDJRJVAPDQGVSSASGGPGJGAMPSGSHGGGGVPPQPASJPHVR
group1,sp|A8INQ0|ARL13_CHLRE,JVAPDQGVSSASGGPGJGAMPSGSHGGGGVPPQPASJPHVR
group1,sp|A8INQ0|ARL13_CHLRE,AAJPPJPPSAPQPSDAGVGSSGSASR
group1,sp|A8INQ0|ARL13_CHLRE,HPGAHSSSAAAPPNVASGAAAEDGPEPDAAGTAAGEAGSGSVFAPRPASAGGGGPGSR
group1,sp|A8INQ0|ARL13_CHLRE,GSGSGMTPDAR
group1,sp|A8INQ0|ARL13_CHLRE,GSGSGMTPDAREJGSGGVESGEGTPAR
group1,sp|A8INQ0|ARL13_CHLRE,GSGSGMTPDAREJGSGGVESGEGTPARJR
group1,sp|A8INQ0|ARL13_CHLRE,EJGSGGVESGEGTPAR
group1,sp|A8INQ0|ARL13_CHLRE,EJGSGGVESGEGTPARJR
group1,sp|A8INQ0|ARL13_CHLRE,EJGSGGVESGEGTPARJRAGAQQASDGGHGNSK
group1,sp|A8INQ0|ARL13_CHLRE,JRAGAQQASDGGHGNSK
group1,sp|A8INQ0|ARL13_CHLRE,JRAGAQQASDGGHGNSKGSFSJVHTSNK
group1,sp|A8INQ0|ARL13_CHLRE,AGAQQASDGGHGNSK
group1,sp|A8INQ0|ARL13_CHLRE,AGAQQASDGGHGNSKGSFSJVHTSNK
group1,sp|A8INQ0|ARL13_CHLRE,AGAQQASDGGHGNSKGSFSJVHTSNKVVPVAPDJR
group1,sp|A8INQ0|ARL13_CHLRE,GSFSJVHTSNK
group1,sp|A8INQ0|ARL13_CHLRE,GSFSJVHTSNKVVPVAPDJR
group1,sp|A8INQ0|ARL13_CHLRE,GSFSJVHTSNKVVPVAPDJRAGJPGAPNDA
group1,sp|A8INQ0|ARL13_CHLRE,VVPVAPDJR
group1,sp|A8INQ0|ARL13_CHLRE,VVPVAPDJRAGJPGAPNDA
group1,sp|A8INQ0|ARL13_CHLRE,AGJPGAPNDA
group1,sp|A8ISN6|ARL3_CHLRE,MGJJSJJR
group1,sp|A8ISN6|ARL3_CHLRE,MGJJSJJRGJK
group1,sp|A8ISN6|ARL3_CHLRE,MGJJSJJRGJKK
group1,sp|A8ISN6|ARL3_CHLRE,KKEGEAR
group1,sp|A8ISN6|ARL3_CHLRE,KEGEAR
group1,sp|A8ISN6|ARL3_CHLRE,KEGEARJJVJGJDNAGK
group1,sp|A8ISN6|ARL3_CHLRE,EGEARJJVJGJDNAGK
group1,sp|A8ISN6|ARL3_CHLRE,EGEARJJVJGJDNAGKTTJJK
group1,sp|A8ISN6|ARL3_CHLRE,JJVJGJDNAGK
group1,sp|A8ISN6|ARL3_CHLRE,JJVJGJDNAGKTTJJK
group1,sp|A8ISN6|ARL3_CHLRE,JJVJGJDNAGKTTJJKAJSEEDJTTJTPTQGFNJK
group1,sp|A8ISN6|ARL3_CHLRE,TTJJKAJSEEDJTTJTPTQGFNJK
group1,sp|A8ISN6|ARL3_CHLRE,TTJJKAJSEEDJTTJTPTQGFNJKSJSR
group1,sp|A8ISN6|ARL3_CHLRE,AJSEEDJTTJTPTQGFNJK
group1,sp|A8ISN6|ARL3_CHLRE,AJSEEDJTTJTPTQGFNJKSJSR
group1,sp|A8ISN6|ARL3_CHLRE,AJSEEDJTTJTPTQGFNJKSJSRDGFNJK
group1,sp|A8ISN6|ARL3_CHLRE,SJSRDGFNJK
group1,sp|A8ISN6|ARL3_CHLRE,SJSRDGFNJKJWDJGGQK
group1,sp|A8ISN6|ARL3_CHLRE,DGFNJK
group1,sp|A8ISN6|ARL3_CHLRE,DGFNJKJWDJGGQK
group1,sp|A8ISN6|ARL3_CHLRE,DGFNJKJWDJGGQKSJRPYWR
group1,sp|A8ISN6|ARL3_CHLRE,JWDJGGQK
group1,sp|A8ISN6|ARL3_CHLRE,JWDJGGQKSJRPYWR
group1,sp|A8ISN6|ARL3_CHLRE,JWDJGGQKSJRPYWRNYFDQTDAJJYVJDSADSK
group1,sp|A8ISN6|ARL3_CHLRE,SJRPYWR
group1,sp|A8ISN6|ARL3_CHLRE,SJRPYWRNYFDQTDAJJYVJDSADSK
group1,sp|A8ISN6|ARL3_CHLRE,SJRPYWRNYFDQTDAJJYVJDSADSKR
group1,sp|A8ISN6|ARL3_CHLRE,NYFDQTDAJJYVJDSADSK
group1,sp|A8ISN6|ARL3_CHLRE,NYFDQTDAJJYVJDSADSKR
group1,sp|A8ISN6|ARL3_CHLRE,NYFDQTDAJJYVJDSADSKRJSESEFEJTEJJQEEK
group1,sp|A8ISN6|ARL3_CHLRE,RJSESEFEJTEJJQEEK
group1,sp|A8ISN6|ARL3_CHLRE,RJSESEFEJTEJJQEEKMTGVPJJVFANK
group1,sp|A8ISN6|ARL3_CHLRE,JSESEFEJTEJJQEEK
group1,sp|A8ISN6|ARL3_CHLRE,JSESEFEJTEJJQEEKMTGVPJJVFANK
group1,sp|A8ISN6|ARL3_CHLRE,JSESEFEJTEJJQEEKMTGVPJJVFANKQDJVGAJAADEJASTJDJTSJR
group1,sp|A8ISN6|ARL3_CHLRE,MTGVPJJVFANK
group1,sp|A8ISN6|ARL3_CHLRE,MTGVPJJVFANKQDJVGAJAADEJASTJDJTSJR
group1,sp|A8ISN6|ARL3_CHLRE,MTGVPJJVFANKQDJVGAJAADEJASTJDJTSJRDRPWQJQACSAK
group1,sp|A8ISN6|ARL3_CHLRE,QDJVGAJAADEJASTJDJTSJR
group1,sp|A8ISN6|ARL3_CHLRE,QDJVGAJAADEJASTJDJTSJRDRPWQJQACSAK
group1,sp|A8ISN6|ARL3_CHLRE,QDJVGAJAADEJASTJDJTSJRDRPWQJQACSAKQGTGJK
group1,sp|A8ISN6|ARL3_CHLRE,DRPWQJQACSAK
group1,sp|A8ISN6|ARL3_CHLRE,DRPWQJQACSAKQGTGJK
group1,sp|A8ISN6|ARL3_CHLRE,DRPWQJQACSAKQGTGJKEGMEWMMK
group1,sp|A8ISN6|ARL3_CHLRE,QGTGJK
group1,sp|A8ISN6|ARL3_CHLRE,QGTGJKEGMEWMMK
group1,sp|A8ISN6|ARL3_CHLRE,QGTGJKEGMEWMMKQVK
group1,sp|A8ISN6|ARL3_CHLRE,EGMEWMMK
group1,sp|A8ISN6|ARL3_CHLRE,EGMEWMMKQVK
group2,sp|Q42690|ALFC_CHLRE,MAJMMK
group2,sp|Q42690|ALFC_CHLRE,MAJMMKSSASJK
group2,sp|Q42690|ALFC_CHLRE,MAJMMKSSASJKAVSAGR
group2,sp|Q42690|ALFC_CHLRE,SSASJK
group2,sp|Q42690|ALFC_CHLRE,SSASJKAVSAGR
group2,sp|Q42690|ALFC_CHLRE,SSASJKAVSAGRSR
group2,sp|Q42690|ALFC_CHLRE,AVSAGR
group2,sp|Q42690|ALFC_CHLRE,AVSAGRSR
group2,sp|Q42690|ALFC_CHLRE,AVSAGRSRR
group2,sp|Q42690|ALFC_CHLRE,SRRAVVVR
group2,sp|Q42690|ALFC_CHLRE,RAVVVR
group2,sp|Q42690|ALFC_CHLRE,RAVVVRAGK
group2,sp|Q42690|ALFC_CHLRE,AVVVRAGK
group2,sp|Q42690|ALFC_CHLRE,AVVVRAGKYDEEJJK
group2,sp|Q42690|ALFC_CHLRE,AGKYDEEJJK
group2,sp|Q42690|ALFC_CHLRE,AGKYDEEJJKTAGTVASK
group2,sp|Q42690|ALFC_CHLRE,YDEEJJK
group2,sp|Q42690|ALFC_CHLRE,YDEEJJKTAGTVASK
group2,sp|Q42690|ALFC_CHLRE,YDEEJJKTAGTVASKGR
group2,sp|Q42690|ALFC_CHLRE,TAGTVASK
group2,sp|Q42690|ALFC_CHLRE,TAGTVASKGR
group2,sp|Q42690|ALFC_CHLRE,TAGTVASKGRGJJAMDESNATCGK
group2,sp|Q42690|ALFC_CHLRE,GRGJJAMDESNATCGK
group2,sp|Q42690|ALFC_CHLRE,GRGJJAMDESNATCGKR
group2,sp|Q42690|ALFC_CHLRE,GJJAMDESNATCGK
group2,sp|Q42690|ALFC_CHLRE,GJJAMDESNATCGKR
group2,sp|Q42690|ALFC_CHLRE,GJJAMDESNATCGKRJDSJGVENTEENR
group2,sp|Q42690|ALFC_CHLRE,RJDSJGVENTEENR
group2,sp|Q42690|ALFC_CHLRE,RJDSJGVENTEENRR
group2,sp|Q42690|ALFC_CHLRE,JDSJGVENTEENR
group2,sp|Q42690|ALFC_CHLRE,JDSJGVENTEENRR
group2,sp|Q42690|ALFC_CHLRE,JDSJGVENTEENRRAYR
group2,sp|Q42690|ALFC_CHLRE,RAYREJJVTAPGJGQYJSGAJJFEETJYQSTASGK
group2,sp|Q42690|ALFC_CHLRE,AYREJJVTAPGJGQYJSGAJJFEETJYQSTASGK
group2,sp|Q42690|ALFC_CHLRE,AYREJJVTAPGJGQYJSGAJJFEETJYQSTASGKK
group2,sp|Q42690|ALFC_CHLRE,EJJVTAPGJGQYJSGAJJFEETJYQSTASGK
group2,sp|Q42690|ALFC_CHLRE,EJJVTAPGJGQYJSGAJJFEETJYQSTASGKK
group2,sp|Q42690|ALFC_CHLRE,EJJVTAPGJGQYJSGAJJFEETJYQSTASGKKFVDVMK
group2,sp|Q42690|ALFC_CHLRE,KFVDVMK
group2,sp|Q42690|ALFC_CHLRE,KFVDVMKEQNJVPGJK
group2,sp|Q42690|ALFC_CHLRE,FVDVMK
group2,sp|Q42690|ALFC_CHLRE,FVDVMKEQNJVPGJK
group2,sp|Q42690|ALFC_CHLRE,FVDVMKEQNJVPGJKVDK
group2,sp|Q42690|ALFC_CHLRE,EQNJVPGJK
group2,sp|Q42690|ALFC_CHLRE,EQNJVPGJKVDK
group2,sp|Q42690|ALFC_CHLRE,EQNJVPGJKVDKGJVPJSNTNGESWCMGJDGJDK
group2,sp|Q42690|ALFC_CHLRE,VDKGJVPJSNTNGESWCMGJDGJDK
group2,sp|Q42690|ALFC_CHLRE,VDKGJVPJSNTNGESWCMGJDGJDKR
group2,sp|Q42690|ALFC_CHLRE,GJVPJSNTNGESWCMGJDGJDK
group2,sp|Q42690|ALFC_CHLRE,GJVPJSNTNGESWCMGJDGJDKR
group2,sp|Q42690|ALFC_CHLRE,GJVPJSNTNGESWCMGJDGJDKRCAEYYK
group2,sp|Q42690|ALFC_CHLRE,RCAEYYK
group2,sp|Q42690|ALFC_CHLRE,RCAEYYKAGAR
group2,sp|Q42690|ALFC_CHLRE,CAEYYK
group2,sp|Q42690|ALFC_CHLRE,CAEYYKAGAR
group2,sp|Q42690|ALFC_CHLRE,CAEYYKAGARFAK
group2,sp|Q42690|ALFC_CHLRE,AGARFAK
group2,sp|Q42690|ALFC_CHLRE,AGARFAKWR
group2,sp|Q42690|ALFC_CHLRE,FAKWRSVVSJPHGPSJJAAR
group2,sp|Q42690|ALFC_CHLRE,WRSVVSJPHGPSJJAAR
group2,sp|Q42690|ALFC_CHLRE,WRSVVSJPHGPSJJAARDCAYGJAR
group2,sp|Q42690|ALFC_CHLRE,SVVSJPHGPSJJAAR
group2,sp|Q42690|ALFC_CHLRE,SVVSJPHGPSJJAARDCAYGJAR
group2,sp|Q42690|ALFC_CHLRE,SVVSJPHGPSJJAARDCAYGJARYAAJAQNAGJVPJVEPEVJJDGEHDJDR
group2,sp|Q42690|ALFC_CHLRE,DCAYGJAR
group2,sp|Q42690|ALFC_CHLRE,DCAYGJARYAAJAQNAGJVPJVEPEVJJDGEHDJDR
group2,sp|Q42690|ALFC_CHLRE,DCAYGJARYAAJAQNAGJVPJVEPEVJJDGEHDJDRCJEVQEAJWAETFK
group2,sp|Q42690|ALFC_CHLRE,YAAJAQNAGJVPJVEPEVJJDGEHDJDR
group2,sp|Q42690|ALFC_CHLRE,YAAJAQNAGJVPJVEPEVJJDGEHDJDRCJEVQEAJWAETFK
group2,sp|Q42690|ALFC_CHLRE,YAAJAQNAGJVPJVEPEVJJDGEHDJDRCJEVQEAJWAETFKYMADNK
group2,sp|Q42690|ALFC_CHLRE,CJEVQEAJWAETFK
group2,sp|Q42690|ALFC_CHLRE,CJEVQEAJWAETFKYMADNK
group2,sp|Q42690|ALFC_CHLRE,CJEVQEAJWAETFKYMADNKVMFEGJJJKPAMVTPGADCK
group2,sp|Q42690|ALFC_CHLRE,YMADNK
group2,sp|Q42690|ALFC_CHLRE,YMADNKVMFEGJJJKPAMVTPGADCK
group2,sp|Q42690|ALFC_CHLRE,YMADNKVMFEGJJJKPAMVTPGADCKNK
group2,sp|Q42690|ALFC_CHLRE,VMFEGJJJKPAMVTPGADCK
group2,sp|Q42690|ALFC_CHLRE,VMFEGJJJKPAMVTPGADCKNK
group2,sp|Q42690|ALFC_CHLRE,VMFEGJJJKPAMVTPGADCKNKAGPAK
group2,sp|Q42690|ALFC_CHLRE,NKAGPAK
group2,sp|Q42690|ALFC_CHLRE,NKAGPAKVAEYTJK
group2,sp|Q42690|ALFC_CHLRE,AGPAKVAEYTJK
group2,sp|Q42690|ALFC_CHLRE,AGPAKVAEYTJKMJR
group2,sp|Q42690|ALFC_CHLRE,VAEYTJK
group2,sp|Q42690|ALFC_CHLRE,VAEYTJKMJR
group2,sp|Q42690|ALFC_CHLRE,VAEYTJKMJRR
group2,sp|Q42690|ALFC_CHLRE,RRVPPAVPGJMFJSGGQSEJESTJNJNAMNQSPNPWHVSFSYAR
group2,sp|Q42690|ALFC_CHLRE,RVPPAVPGJMFJSGGQSEJESTJNJNAMNQSPNPWHVSFSYAR
group2,sp|Q42690|ALFC_CHLRE,RVPPAVPGJMFJSGGQSEJESTJNJNAMNQSPNPWHVSFSYARAJQNTVJK
group2,sp|Q42690|ALFC_CHLRE,VPPAVPGJMFJSGGQSEJESTJNJNAMNQSPNPWHVSFSYAR
group2,sp|Q42690|ALFC_CHLRE,VPPAVPGJMFJSGGQSEJESTJNJNAMNQSPNPWHVSFSYARAJQNTVJK
group2,sp|Q42690|ALFC_CHLRE,AJQNTVJK
group2,sp|Q42690|ALFC_CHLRE,AJQNTVJKTWQGKPENVQAAQAAJJK
group2,sp|Q42690|ALFC_CHLRE,AJQNTVJKTWQGKPENVQAAQAAJJKR
group2,sp|Q42690|ALFC_CHLRE,TWQGKPENVQAAQAAJJK
group2,sp|Q42690|ALFC_CHLRE,TWQGKPENVQAAQAAJJKR
group2,sp|Q42690|ALFC_CHLRE,TWQGKPENVQAAQAAJJKRAK
group2,sp|Q42690|ALFC_CHLRE,RAKANSDAQQGK
group2,sp|Q42690|ALFC_CHLRE,AKANSDAQQGK
group2,sp|Q42690|ALFC_CHLRE,AKANSDAQQGKYDATTEGK
group2,sp|Q42690|ALFC_CHLRE,ANSDAQQGK
group2,sp|Q42690|ALFC_CHLRE,ANSDAQQGKYDATTEGK
group2,sp|Q42690|ALFC_CHLRE,ANSDAQQGKYDATTEGKEAAQGMYEK
group2,sp|Q42690|ALFC_CHLRE,YDATTEGK
group2,sp|Q42690|ALFC_CHLRE,YDATTEGKEAAQGMYEK
group2,sp|Q42690|ALFC_CHLRE,YDATTEGKEAAQGMYEKGYVY
group2,sp|Q42690|ALFC_CHLRE,EAAQGMYEK
group2,sp|Q42690|ALFC_CHLRE,EAAQGMYEKGYVY
group3,sp|A8IEF3|ANM1_CHLRE,MFGJJVNFYR
group3,sp|A8IEF3|ANM1_CHLRE,MATAMDTGAGASAPAVPQGDR
group3,sp|A8IEF3|ANM1_CHLRE,MATAMDTGAGASAPAVPQGDRTSADYYFDSYSHFGJHEEMJK
group3,sp|A8IEF3|ANM1_CHLRE,MATAMDTGAGASAPAVPQGDRTSADYYFDSYSHFGJHEEMJKDSVR
group3,sp|A8IEF3|ANM1_CHLRE,TSADYYFDSYSHFGJHEEMJK
group3,sp|A8IEF3|ANM1_CHLRE,TSADYYFDSYSHFGJHEEMJKDSVR
group3,sp|A8IEF3|ANM1_CHLRE,TSADYYFDSYSHFGJHEEMJKDSVRTR
group3,sp|A8IEF3|ANM1_CHLRE,DSVRTR
group3,sp|A8IEF3|ANM1_CHLRE,DSVRTRTYMNAJJNNAYJFK
group3,sp|A8IEF3|ANM1_CHLRE,TRTYMNAJJNNAYJFK
group3,sp|A8IEF3|ANM1_CHLRE,TRTYMNAJJNNAYJFKDK
group3,sp|A8IEF3|ANM1_CHLRE,TYMNAJJNNAYJFK
group3,sp|A8IEF3|ANM1_CHLRE,TYMNAJJNNAYJFKDK
group3,sp|A8IEF3|ANM1_CHLRE,TYMNAJJNNAYJFKDKJVJDJGCGTGJJSJFSAK
group3,sp|A8IEF3|ANM1_CHLRE,DKJVJDJGCGTGJJSJFSAK
group3,sp|A8IEF3|ANM1_CHLRE,DKJVJDJGCGTGJJSJFSAKAGAK
group3,sp|A8IEF3|ANM1_CHLRE,JVJDJGCGTGJJSJFSAK
group3,sp|A8IEF3|ANM1_CHLRE,JVJDJGCGTGJJSJFSAKAGAK
group3,sp|A8IEF3|ANM1_CHLRE,JVJDJGCGTGJJSJFSAKAGAKHVYGJECSTJAEQATQJVK
group3,sp|A8IEF3|ANM1_CHLRE,AGAKHVYGJECSTJAEQATQJVK
group3,sp|A8IEF3|ANM1_CHLRE,AGAKHVYGJECSTJAEQATQJVKDNK
group3,sp|A8IEF3|ANM1_CHLRE,HVYGJECSTJAEQATQJVK
group3,sp|A8IEF3|ANM1_CHLRE,HVYGJECSTJAEQATQJVKDNK
group3,sp|A8IEF3|ANM1_CHLRE,HVYGJECSTJAEQATQJVKDNKFDDR
group3,sp|A8IEF3|ANM1_CHLRE,DNKFDDR
group3,sp|A8IEF3|ANM1_CHLRE,DNKFDDRVTJJK
group3,sp|A8IEF3|ANM1_CHLRE,FDDRVTJJK
group3,sp|A8IEF3|ANM1_CHLRE,FDDRVTJJKGK
group3,sp|A8IEF3|ANM1_CHLRE,VTJJKGK
group3,sp|A8IEF3|ANM1_CHLRE,VTJJKGKVEEVTJPVDK
group3,sp|A8IEF3|ANM1_CHLRE,GKVEEVTJPVDK
group3,sp|A8IEF3|ANM1_CHLRE,GKVEEVTJPVDKVDJJJSEWMGYFJFYESMJDTVJYAR
group3,sp|A8IEF3|ANM1_CHLRE,VEEVTJPVDK
group3,sp|A8IEF3|ANM1_CHLRE,VEEVTJPVDKVDJJJSEWMGYFJFYESMJDTVJYAR
group3,sp|A8IEF3|ANM1_CHLRE,VEEVTJPVDKVDJJJSEWMGYFJFYESMJDTVJYARDK
group3,sp|A8IEF3|ANM1_CHLRE,VDJJJSEWMGYFJFYESMJDTVJYAR
group3,sp|A8IEF3|ANM1_CHLRE,VDJJJSEWMGYFJFYESMJDTVJYARDK
group3,sp|A8IEF3|ANM1_CHLRE,VDJJJSEWMGYFJFYESMJDTVJYARDKWJVPGGJJMPDK
group3,sp|A8IEF3|ANM1_CHLRE,DKWJVPGGJJMPDK
group3,sp|A8IEF3|ANM1_CHLRE,DKWJVPGGJJMPDKATJSJCAJEDGEYK
group3,sp|A8IEF3|ANM1_CHLRE,WJVPGGJJMPDK
group3,sp|A8IEF3|ANM1_CHLRE,WJVPGGJJMPDKATJSJCAJEDGEYK
group3,sp|A8IEF3|ANM1_CHLRE,WJVPGGJJMPDKATJSJCAJEDGEYKHDK
group3,sp|A8IEF3|ANM1_CHLRE,ATJSJCAJEDGEYK
group3,sp|A8IEF3|ANM1_CHLRE,ATJSJCAJEDGEYKHDK
group3,sp|A8IEF3|ANM1_CHLRE,ATJSJCAJEDGEYKHDKJEFWDNVYGFNMSCJK
group3,sp|A8IEF3|ANM1_CHLRE,HDKJEFWDNVYGFNMSCJK
group3,sp|A8IEF3|ANM1_CHLRE,HDKJEFWDNVYGFNMSCJKQJAJAEPJVDJVEPDQJASTJQTVVSVDJSTMK
group3,sp|A8IEF3|ANM1_CHLRE,JEFWDNVYGFNMSCJK
group3,sp|A8IEF3|ANM1_CHLRE,JEFWDNVYGFNMSCJKQJAJAEPJVDJVEPDQJASTJQTVVSVDJSTMK
group3,sp|A8IEF3|ANM1_CHLRE,JEFWDNVYGFNMSCJKQJAJAEPJVDJVEPDQJASTJQTVVSVDJSTMKK
group3,sp|A8IEF3|ANM1_CHLRE,QJAJAEPJVDJVEPDQJASTJQTVVSVDJSTMK
group3,sp|A8IEF3|ANM1_CHLRE,QJAJAEPJVDJVEPDQJASTJQTVVSVDJSTMKK
group3,sp|A8IEF3|ANM1_CHLRE,QJAJAEPJVDJVEPDQJASTJQTVVSVDJSTMKKEDATFTVPYEJTMTR
group3,sp|A8IEF3|ANM1_CHLRE,KEDATFTVPYEJTMTR
group3,sp|A8IEF3|ANM1_CHLRE,KEDATFTVPYEJTMTRNDYVHAJVGFFDVSFTR
group3,sp|A8IEF3|ANM1_CHLRE,EDATFTVPYEJTMTR
group3,sp|A8IEF3|ANM1_CHLRE,EDATFTVPYEJTMTRNDYVHAJVGFFDVSFTR
group3,sp|A8IEF3|ANM1_CHLRE,EDATFTVPYEJTMTRNDYVHAJVGFFDVSFTRGHKPJSFTTSPR
group3,sp|A8IEF3|ANM1_CHLRE,NDYVHAJVGFFDVSFTR
group3,sp|A8IEF3|ANM1_CHLRE,NDYVHAJVGFFDVSFTRGHKPJSFTTSPR
group3,sp|A8IEF3|ANM1_CHLRE,NDYVHAJVGFFDVSFTRGHKPJSFTTSPRAR
group3,sp|A8IEF3|ANM1_CHLRE,GHKPJSFTTSPR
group3,sp|A8IEF3|ANM1_CHLRE,GHKPJSFTTSPRAR
group3,sp|A8IEF3|ANM1_CHLRE,GHKPJSFTTSPRARATHWK
group3,sp|A8IEF3|ANM1_CHLRE,ARATHWK
group3,sp|A8IEF3|ANM1_CHLRE,ARATHWKQTVFYJEDTJMASK
group3,sp|A8IEF3|ANM1_CHLRE,ATHWKQTVFYJEDTJMASK
group3,sp|A8IEF3|ANM1_CHLRE,ATHWKQTVFYJEDTJMASKDETJSGK
group3,sp|A8IEF3|ANM1_CHLRE,QTVFYJEDTJMASK
group3,sp|A8IEF3|ANM1_CHLRE,QTVFYJEDTJMASKDETJSGK
group3,sp|A8IEF3|ANM1_CHLRE,QTVFYJEDTJMASKDETJSGKJECKPNAK
group3,sp|A8IEF3|ANM1_CHLRE,DETJSGK
group3,sp|A8IEF3|ANM1_CHLRE,DETJSGKJECKPNAK
group3,sp|A8IEF3|ANM1_CHLRE,DETJSGKJECKPNAKNPR
group3,sp|A8IEF3|ANM1_CHLRE,JECKPNAK
group3,sp|A8IEF3|ANM1_CHLRE,JECKPNAKNPR
group3,sp|A8IEF3|ANM1_CHLRE,JECKPNAKNPRDJDJSJAYEFEGER
group3,sp|A8IEF3|ANM1_CHLRE,NPRDJDJSJAYEFEGER
group3,sp|A8IEF3|ANM1_CHLRE,NPRDJDJSJAYEFEGERGQVK
group3,sp|A8IEF3|ANM1_CHLRE,DJDJSJAYEFEGER
group3,sp|A8IEF3|ANM1_CHLRE,DJDJSJAYEFEGERGQVK
group3,sp|A8IEF3|ANM1_CHLRE,DJDJSJAYEFEGERGQVKNTQQYR
group3,sp|A8IEF3|ANM1_CHLRE,GQVKNTQQYR
group3,sp|A8IEF3|ANM1_CHLRE,GQVKNTQQYRMR
group3,sp|A8IEF3|ANM1_CHLRE,NTQQYR
group3,sp|A8IEF3|ANM1_CHLRE,NTQQYRMR
